--
-- Script was generated by Devart dbForge Studio for MySQL, Version 10.1.24.0
-- Product home page: https://www.devart.com/dbforge/mysql/studio
-- Script date 1/9/2025 6:04:11 PM
-- Server version: 8.0.40
--

--
-- Disable foreign keys
--
/*!40014 SET @OLD_FOREIGN_KEY_CHECKS=@@FOREIGN_KEY_CHECKS, FOREIGN_KEY_CHECKS=0 */;

--
-- Set SQL mode
--
/*!40101 SET @OLD_SQL_MODE=@@SQL_MODE, SQL_MODE='NO_AUTO_VALUE_ON_ZERO' */;

--
-- Set character set the client will use to send SQL statements to the server
--
SET NAMES 'utf8';

--
-- Set default database
--
USE webshop;

--
-- Drop table `rendeles_reszletei`
--
DROP TABLE IF EXISTS rendeles_reszletei;

--
-- Drop table `szinek`
--
DROP TABLE IF EXISTS szinek;

--
-- Drop table `varosok`
--
DROP TABLE IF EXISTS varosok;

--
-- Drop table `termek`
--
DROP TABLE IF EXISTS termek;

--
-- Drop table `keszlet`
--
DROP TABLE IF EXISTS keszlet;

--
-- Drop table `marka`
--
DROP TABLE IF EXISTS marka;

--
-- Drop table `meretek`
--
DROP TABLE IF EXISTS meretek;

--
-- Drop table `fizetes`
--
DROP TABLE IF EXISTS fizetes;

--
-- Drop table `rendeles`
--
DROP TABLE IF EXISTS rendeles;

--
-- Drop table `vasarlok`
--
DROP TABLE IF EXISTS vasarlok;

--
-- Set default database
--
USE webshop;

--
-- Create table `vasarlok`
--
CREATE TABLE vasarlok (
  id int NOT NULL AUTO_INCREMENT,
  keresztnev varchar(50) DEFAULT NULL,
  email varchar(50) DEFAULT NULL,
  telefonsz varchar(50) DEFAULT NULL,
  utca varchar(50) DEFAULT NULL,
  iranyitosz int DEFAULT NULL,
  csaladnev varchar(255) DEFAULT NULL,
  status varchar(255) DEFAULT NULL,
  PRIMARY KEY (id)
)
ENGINE = INNODB,
AUTO_INCREMENT = 8,
AVG_ROW_LENGTH = 3276,
CHARACTER SET utf8mb4,
COLLATE utf8mb4_hungarian_ci,
ROW_FORMAT = DYNAMIC;

--
-- Create table `rendeles`
--
CREATE TABLE rendeles (
  id int NOT NULL AUTO_INCREMENT,
  vasarlo_id int DEFAULT NULL,
  rendeles_ideje datetime DEFAULT NULL,
  rendeles_statusz varchar(50) DEFAULT NULL,
  reszletek_id int DEFAULT NULL,
  PRIMARY KEY (id)
)
ENGINE = INNODB,
AUTO_INCREMENT = 6,
AVG_ROW_LENGTH = 3276,
CHARACTER SET utf8mb4,
COLLATE utf8mb4_hungarian_ci,
ROW_FORMAT = DYNAMIC;

--
-- Create foreign key
--
ALTER TABLE rendeles
ADD CONSTRAINT FK_rendeles_vasarlo_id FOREIGN KEY (vasarlo_id)
REFERENCES vasarlok (id);

--
-- Create table `fizetes`
--
CREATE TABLE fizetes (
  id int NOT NULL AUTO_INCREMENT,
  rendeles_id int DEFAULT NULL,
  fizetes_ideje datetime DEFAULT NULL,
  osszeg varchar(50) DEFAULT NULL,
  fizetesi_mod varchar(50) DEFAULT NULL,
  PRIMARY KEY (id)
)
ENGINE = INNODB,
AUTO_INCREMENT = 8,
AVG_ROW_LENGTH = 3276,
CHARACTER SET utf8mb4,
COLLATE utf8mb4_hungarian_ci,
ROW_FORMAT = DYNAMIC;

--
-- Create foreign key
--
ALTER TABLE fizetes
ADD CONSTRAINT FK_fizetes_rendeles_id FOREIGN KEY (rendeles_id)
REFERENCES rendeles (id) ON DELETE CASCADE;

--
-- Create table `meretek`
--
CREATE TABLE meretek (
  id int NOT NULL AUTO_INCREMENT,
  meret varchar(50) DEFAULT NULL,
  PRIMARY KEY (id)
)
ENGINE = INNODB,
AUTO_INCREMENT = 13,
AVG_ROW_LENGTH = 1820,
CHARACTER SET utf8mb4,
COLLATE utf8mb4_hungarian_ci,
ROW_FORMAT = DYNAMIC;

--
-- Create table `marka`
--
CREATE TABLE marka (
  id int NOT NULL AUTO_INCREMENT,
  nev varchar(50) DEFAULT NULL,
  PRIMARY KEY (id)
)
ENGINE = INNODB,
AUTO_INCREMENT = 22,
AVG_ROW_LENGTH = 1638,
CHARACTER SET utf8mb4,
COLLATE utf8mb4_hungarian_ci,
ROW_FORMAT = DYNAMIC;

--
-- Create table `keszlet`
--
CREATE TABLE keszlet (
  id int NOT NULL AUTO_INCREMENT,
  mennyiseg int DEFAULT NULL,
  termek_id varchar(255) DEFAULT NULL,
  PRIMARY KEY (id)
)
ENGINE = INNODB,
AUTO_INCREMENT = 11,
AVG_ROW_LENGTH = 1638,
CHARACTER SET utf8mb4,
COLLATE utf8mb4_hungarian_ci,
ROW_FORMAT = DYNAMIC;

--
-- Create table `termek`
--
CREATE TABLE termek (
  id int NOT NULL AUTO_INCREMENT,
  nev varchar(255) DEFAULT NULL,
  ar varchar(50) DEFAULT NULL,
  szin_id int DEFAULT NULL,
  meret_id int DEFAULT NULL,
  keszlet_id int DEFAULT NULL,
  marka_id int DEFAULT NULL,
  PRIMARY KEY (id)
)
ENGINE = INNODB,
AUTO_INCREMENT = 52,
AVG_ROW_LENGTH = 321,
CHARACTER SET utf8mb4,
COLLATE utf8mb4_hungarian_ci,
ROW_FORMAT = DYNAMIC;

--
-- Create index `FK_termek_marka_id2` on table `termek`
--
ALTER TABLE termek
ADD INDEX FK_termek_marka_id2 (marka_id);

--
-- Create foreign key
--
ALTER TABLE termek
ADD CONSTRAINT FK_termek_keszlet_id FOREIGN KEY (keszlet_id)
REFERENCES keszlet (id);

--
-- Create foreign key
--
ALTER TABLE termek
ADD CONSTRAINT FK_termek_marka_id FOREIGN KEY (marka_id)
REFERENCES marka (id);

--
-- Create foreign key
--
ALTER TABLE termek
ADD CONSTRAINT FK_termek_meret_id FOREIGN KEY (meret_id)
REFERENCES meretek (id);

--
-- Create table `varosok`
--
CREATE TABLE varosok (
  iranyitosz int NOT NULL,
  varos varchar(50) DEFAULT NULL,
  id int NOT NULL AUTO_INCREMENT,
  PRIMARY KEY (id)
)
ENGINE = INNODB,
AUTO_INCREMENT = 8,
AVG_ROW_LENGTH = 682,
CHARACTER SET utf8mb4,
COLLATE utf8mb4_hungarian_ci,
ROW_FORMAT = DYNAMIC;

--
-- Create table `szinek`
--
CREATE TABLE szinek (
  id int NOT NULL AUTO_INCREMENT,
  szin varchar(50) DEFAULT NULL,
  PRIMARY KEY (id)
)
ENGINE = INNODB,
AUTO_INCREMENT = 12,
AVG_ROW_LENGTH = 1638,
CHARACTER SET utf8mb4,
COLLATE utf8mb4_hungarian_ci,
ROW_FORMAT = DYNAMIC;

--
-- Create table `rendeles_reszletei`
--
CREATE TABLE rendeles_reszletei (
  id int NOT NULL AUTO_INCREMENT,
  rendeles_id int DEFAULT NULL,
  polo_id int DEFAULT NULL,
  darab int DEFAULT NULL,
  vegosszeg varchar(50) DEFAULT NULL,
  PRIMARY KEY (id)
)
ENGINE = INNODB,
AUTO_INCREMENT = 6,
AVG_ROW_LENGTH = 3276,
CHARACTER SET utf8mb4,
COLLATE utf8mb4_hungarian_ci,
ROW_FORMAT = DYNAMIC;

--
-- Create foreign key
--
ALTER TABLE rendeles_reszletei
ADD CONSTRAINT FK_rendeles_reszletei_rendeles_id FOREIGN KEY (rendeles_id)
REFERENCES rendeles (id);

--
-- Create foreign key
--
ALTER TABLE rendeles
ADD CONSTRAINT FK_rendeles_reszletek FOREIGN KEY (reszletek_id)
REFERENCES rendeles_reszletei (id) ON DELETE CASCADE;

-- 
-- Dumping data for table vasarlok
--
INSERT INTO vasarlok VALUES
(1, 'Kovács András', 'andras.kovacs87@example.com', '+36 30 456 7890', 'Petőfi Sándor utca 2', 6720, NULL, NULL),
(2, 'Nagy Eszter', 'eszter.nagy22@example.com', '+36 70 123 4567', 'Kossuth Lajos utca 3', 4024, NULL, NULL),
(3, 'Szabó Tamás', 'tamas.szabo11@example.com', '+36 20 987 6543', 'Rózsa utca 12', 9021, NULL, NULL),
(4, 'Tóth Zsófia', 'zsofia.toth93@example.com', '+36 31 567 8901', 'Széchenyi István utca 31', 3525, NULL, NULL),
(5, 'Gabor', 'gabor.horvath56@example.com', '+36 50 234 5678', 'Ady Endre utca 6', 7621, 'Horvath', 'admin');

-- 
-- Dumping data for table meretek
--
INSERT INTO meretek VALUES
(1, 'XS'),
(2, 'S'),
(3, 'M'),
(4, 'L'),
(5, 'XL'),
(6, 'XXl'),
(7, 'XXS'),
(8, '4XL'),
(9, '2XL'),
(10, 'XXS'),
(11, '6XL');

-- 
-- Dumping data for table marka
--
INSERT INTO marka VALUES
(1, 'adidas'),
(2, 'nike'),
(3, 'Zara'),
(4, 'Puma'),
(5, 'Rebook'),
(6, 'Levi''s'),
(7, 'Gucci'),
(8, 'Versace'),
(9, ' asd'),
(10, ' Under Armour'),
(21, 'Calvin Klein');

-- 
-- Dumping data for table keszlet
--
INSERT INTO keszlet VALUES
(1, 57, NULL),
(2, 73, NULL),
(3, 1, NULL),
(4, 64, NULL),
(5, 87, NULL),
(6, 17, NULL),
(7, 15, NULL),
(8, 100, NULL),
(9, 34, NULL),
(10, 5, NULL);

-- 
-- Dumping data for table rendeles
--
INSERT INTO rendeles VALUES
(1, 3, '2025-12-23 00:00:00', 'függőben', NULL),
(2, 4, '2025-09-25 00:00:00', 'teljesítve', NULL),
(3, 5, '2025-04-12 00:00:00', 'visszamondva', NULL),
(4, 3, '2024-05-31 00:00:00', 'nemtom', NULL),
(5, 2, '2023-06-07 00:00:00', 'fuggoben', NULL);

-- 
-- Dumping data for table varosok
--
INSERT INTO varosok VALUES
(5000, 'Szolnok', 1),
(5091, 'Toszeg', 2),
(1074, 'Budapest 7.ker', 3),
(8200, 'Veszprem', 4),
(423424, 'Pecs', 5),
(9687, 'Debrecen', 6),
(34234, 'Kukac', 7);

-- 
-- Dumping data for table termek
--
INSERT INTO termek VALUES
(1, '8', '16275', 10, 6, 10, NULL),
(2, '10', '18490', 8, 4, 5, NULL),
(4, '9', '19320', 6, 3, 10, NULL),
(6, '7', '15990', 8, 6, 10, NULL),
(7, '5', '19750', 2, 1, 2, NULL),
(8, '7', '16430', 10, 3, 1, NULL),
(9, '10', '18220', 8, 2, 10, NULL),
(10, '8', '17005', 6, 7, 7, NULL),
(11, '8', '10637', 2, 6, 9, NULL),
(12, '4', '20950', 2, 6, 6, NULL),
(14, '7', '12360', 10, 4, 10, NULL),
(16, '3', '23759', 2, 2, 9, NULL),
(17, '9', '19912', 2, 2, 9, NULL),
(18, '2', '12153', 2, 6, 1, NULL),
(19, '3', '15501', 10, 1, 2, NULL),
(20, '2', '18564', 2, 4, 5, NULL),
(21, '10', '23399', 9, 1, 8, NULL),
(22, '2', '14579', 6, 2, 4, NULL),
(23, '8', '18044', 8, 9, 7, NULL),
(24, '6', '15795', 9, 3, 1, NULL),
(25, '9', '11371', 10, 2, 3, NULL),
(26, '10', '19722', 6, 4, 3, NULL),
(27, '6', '10561', 3, 4, 7, NULL),
(28, '10', '15691', 10, 2, 5, NULL),
(29, '4', '16744', 3, 5, 1, NULL),
(30, '2', '12558', 9, 9, 6, NULL),
(31, '7', '16326', 3, 7, 4, NULL),
(32, '4', '11835', 10, 7, 9, NULL),
(33, '7', '20542', 10, 1, 3, NULL),
(34, '1', '13932', 7, 9, 4, NULL),
(35, '3', '17843', 5, 5, 4, NULL),
(36, '3', '10016', 2, 6, 10, NULL),
(37, '2', '19034', 6, 6, 7, NULL),
(38, '2', '16387', 2, 1, 4, NULL),
(39, '8', '14615', 8, 5, 5, NULL),
(40, '6', '14270', 7, 7, 3, NULL),
(41, '4', '19661', 8, 4, 5, NULL),
(42, '5', '12462', 1, 8, 2, NULL),
(43, '5', '14102', 4, 9, 6, NULL),
(44, '8', '11211', 4, 7, 5, NULL),
(45, '1', '17734', 6, 8, 5, NULL),
(46, '3', '12044', 4, 8, 8, NULL),
(47, '6', '16515', 10, 8, 2, NULL),
(49, '1', '20362', 5, 2, 10, NULL),
(50, '10', '12234', 9, 3, 2, NULL);

-- 
-- Dumping data for table szinek
--
INSERT INTO szinek VALUES
(1, 'kék'),
(2, 'fekete'),
(3, 'fehér'),
(4, 'zöld'),
(6, 'bézs'),
(7, 'szürke'),
(8, 'barna'),
(9, 'piros'),
(10, 'lila'),
(11, 'rozsaszin');

-- 
-- Dumping data for table rendeles_reszletei
--
INSERT INTO rendeles_reszletei VALUES
(1, 2, 480, 3, NULL),
(2, 4, 211, 2, NULL),
(3, 5, 321, 3, NULL),
(4, 3, 411, 4, NULL),
(5, 1, 500, 2, NULL);

-- 
-- Dumping data for table fizetes
--
INSERT INTO fizetes VALUES
(1, 2, '2025-12-23 00:00:00', NULL, 'Paypal'),
(2, 3, '2025-09-25 00:00:00', NULL, 'Bankkártya'),
(3, 1, '2025-04-04 00:00:00', NULL, 'Utánvét'),
(4, 2, '2024-05-31 00:00:00', NULL, NULL),
(5, 5, '2023-06-13 00:00:00', '19800', 'REvolut'),
(7, NULL, '2025-01-07 00:00:00', '13200', 'Paypal');

--
-- Restore previous SQL mode
--
/*!40101 SET SQL_MODE=@OLD_SQL_MODE */;

--
-- Enable foreign keys
--
/*!40014 SET FOREIGN_KEY_CHECKS = @OLD_FOREIGN_KEY_CHECKS */;